事務所コード,関与先コード
5121,787
5121,685
5121,787
5121,685
5121,668
5121,668
5121,657
5121,657
5121,589
5121,589
5121,584
5121,584
5121,563
5121,563
5121,501
5121,501
5121,295
5121,295
5121,958
5121,958
5121,766
5121,766
5121,754
5121,754
5121,460
5121,460
5121,356
5121,356
5121,328
5121,328
5121,326
5121,326
5121,305
5121,305
5121,276
5121,253
5121,253
5121,188
5121,188
5121,12
5121,12
5121,919
5121,919
5121,853
5121,853
5121,775
5121,774
5121,723
5121,723
5121,632
5121,632
5121,613
5121,613
5121,524
5121,524
5121,465
5121,465
5121,463
5121,463
5121,286
5121,286
5121,282
5121,282
5121,52
5121,52
